{
  "\n": 28, 
  " ": 0, 
  "!": 78, 
  "\"": 82, 
  "#": 79, 
  "$": 72, 
  "&": 85, 
  "(": 60, 
  ")": 63, 
  "*": 76, 
  ",": 20, 
  "-": 35, 
  ".": 22, 
  "/": 66, 
  "0": 47, 
  "1": 51, 
  "2": 61, 
  "3": 65, 
  "4": 73, 
  "5": 64, 
  "6": 77, 
  "7": 81, 
  "8": 75, 
  "9": 70, 
  ":": 62, 
  ";": 68, 
  "?": 74, 
  "A": 31, 
  "B": 42, 
  "C": 36, 
  "D": 52, 
  "E": 33, 
  "F": 55, 
  "G": 54, 
  "H": 48, 
  "I": 27, 
  "J": 50, 
  "K": 41, 
  "L": 44, 
  "M": 38, 
  "N": 39, 
  "O": 40, 
  "P": 49, 
  "Q": 87, 
  "R": 46, 
  "S": 32, 
  "T": 26, 
  "U": 45, 
  "V": 59, 
  "W": 37, 
  "X": 80, 
  "Y": 57, 
  "[": 69, 
  "\\": 84, 
  "]": 71, 
  "a": 3, 
  "b": 21, 
  "c": 12, 
  "d": 11, 
  "e": 1, 
  "f": 19, 
  "g": 18, 
  "h": 9, 
  "i": 7, 
  "j": 43, 
  "k": 23, 
  "l": 10, 
  "m": 14, 
  "n": 6, 
  "o": 4, 
  "p": 16, 
  "q": 58, 
  "r": 8, 
  "s": 5, 
  "t": 2, 
  "u": 13, 
  "v": 24, 
  "w": 15, 
  "x": 34, 
  "y": 17, 
  "z": 56, 
  "\u00e9": 86, 
  "\u2014": 53, 
  "\u2018": 67, 
  "\u2019": 25, 
  "\u201c": 29, 
  "\u201d": 30, 
  "\u2026": 83
}